hash,name,len,КСР наименование,КСР код,Коэффициент пересчёта
8088025928175276330,"""""HYKOL KD FIBER 18кг(Высококачественный акриловый клей с армирующем ФИБРО волокном для суперпрочного приклеивания. Подходит для укладки ПВХ, резиновых покрытий, LVT и кварцвинила на абсорбирующие или слабо абсорбирующие основы. Фибро волокно придаёт повышенную устойчивость при интенсивных статических и динамических нагрузках""""",329,,,
-4199706683077419521,"1050х2100, Дверь влагостойкая однопольная, левая, глухая, мдф с отделкой из CPL, цвет Ral 9010 (уточняется дизайн-проектом), нажимная гарнитура с обеих сторон, замок цилиндровый, уплотнитель резиновый, опускающийся порог, петли скрытые, с облицовкой телескопическими наличниками 70х10мм с двух сторон, CPL отделка, толщина стены 250 мм",335,,,
2474022719551511043,"1050х2100, Дверь влагостойкая однопольная, правая, глухая, мдф с отделкой из CPL, цвет Ral 9010 (уточняется дизайн-проектом), нажимная гарнитура с обеих сторон, замок цилиндровый, уплотнитель резиновый, опускающийся порог, петли скрытые, с облицовкой телескопическими наличниками 70х10мм с двух сторон, CPL отделка, толщина стены 130-250 мм",340,,,
-9054551088498606501,"1050х2100, Дверь влагостойкая однопольная, правая, глухая, мдф с отделкой из CPL, цвет Ral 9010 (уточняется дизайн-проектом), нажимная гарнитура с обеих сторон, замок цилиндровый, уплотнитель резиновый, опускающийся порог, петли скрытые, с облицовкой телескопическими наличниками 70х10мм с двух сторон, CPL отделка, толщина стены 250 мм",336,,,
-7410947950091946857,"1050x2100, Дверь влагостойкая однопольная, левая, глухая, мдф с отделкой из CPL, цвет Rai 9010 (уточняется дизайн-проектом), нажимная гарнитура с обеих сторон, замок цилиндровый, уплотнитель резиновый, опускающийся порог, петли скрытые, с облицовкой телескопическими наличниками 70x10мм с двух сторон, CPL отделка, толщина стены 250 мм (ГОСТ 475-2016)",351,,,
7137046210555276478,"1050x2100, Дверь влагостойкая однопольная, левая, глухая, мдф c отделкой из CPL, цвет Ral 9010 (уточняется дизайн-проектом), нажимная гарнитура c обеих cтopoн, замок цилиндровый, уплотнитель резиновый, опускающийся порог, петли скрытыe, c облицовкой телескопическими наличниками 70x10мм c двух cтopoн, CPL отделка, толщина стены 250 мм (ГОСТ 475- 2016)",352,,,
6412451996284551743,"1050x2100, Дверь влагостойкая однопольная, правая, глухая, мдф с отделкой из CPL, цвет Ral 9010 (уточняется дизайн-проектом), нажимная гарнитура с обеих сторон, замок цилиндровый, уплотнитель резиновый, опускающийся порог, петли скрытые, с облицовкой телескопическими наличниками 70х10мм с двух сторон, CPL отделка, толщина стены 130 мм",336,,,
1108747080201121853,"1050x2100, Дверь влагостойкая однопольная, правая, глухая, мдф c отделкой из CPL, цвет Ral 9010 (уточняется дизайн-проектом), нажимная гарнитура c обеих cтopoн, замок цилиндровый, уплотнитель резиновый, опускающийся порог, петли скрытыe, c облицовкой телескопическими наличниками 70x10мм c двух cтopoн, CPL отделка, толщина стены 130-250 мм (ГОСТ 475- 2016)",357,,,
7654877478551423735,"1050x2100, Дверь влагостойкая однопольная, правая, глухая, мдф c отделкой из CPL, цвет Ral 9010 (уточняется дизайн-проектом), нажимная гарнитура c обеих cтopoн, замок цилиндровый, уплотнитель резиновый, опускающийся порог, петли скрытыe, c облицовкой телескопическими наличниками 70x10мм c двух cтopoн, CPL отделка, толщина стены 130 мм (ГОСТ 475- 2016)",353,,,
-4779813575048140312,"1500х2100, Дверь наружная, двупольная, открывание основной створки-левое, основная створка-900 мм в свету, обе створки активные, оборудована координацией последовательного закрывания полотен; стальная глухая, с доводчиком, утепленная, усиленная, замок цилиндрованный, порог, цвет RAL 7016; ручка «Антипаника»",308,,,
-8317941801584804986,"Автоматический выключатель ВА 47-29, ЗР 32А (С) 4,5кА EKF Basic",63,,,
-3434830632616624295,"Автоматический спускной вентиль 1/2 """" CO-19-015",48,,,
-94829675480770165,АКВАСТОП ХВН-120 (2x04) (ПВХ-П) Внутренняя специальная с двумя набухающими шнурами ф4мм (в комплекте КРЕПЕЖ Зшт/м) ТУ 5772-001-58093526-11,138,,,
1641705768661814633,Акриловая краска (10л) KLESTER_A,32,,,
4810186235190001001,Акриловый душевой поддон Universal N 800,40,,,
8331214874595322020,"Алюминиевая опора SAL-60/P анодированная, цвет чёрный",53,,,
-1340531398240014757,"Алюминиевое окно системы slidors (2000*1000) заполнение стекло 6мм, цвет белый либо коричневый , (материал в наличии ) сборка и доставка дообъекта. в течнии 7 дней",163,,,
5199871797156951774,"Алюминиевый оголовник WR-14-1-1,5-5 анодированный, цвет чёрный ROSA",67,,,
-5548836177880313680,Алюминиевый профиль 4 CM X 8 CM X 300 СМ X ЗММ,46,,,
-1516954289188393111,Алюминий кронштейн с прокладками 240 ML (возможен удлинитель),61,,,
2361050742281448328,Американка чуг.оцинк. DN50 PN16 м-м с пл.прокл. Fittex Plus,59,,,
-249141966610061927,Анкер для бетона с шестигранной головкой с воротником R-LX-14X080-HF-ZP гальваническое покрытие,95,,,
5505568271999303131,Анкер забивной М8,17,,,
-3893688483897202629,Анкер-болт оцинк. сталь AMT3 M16-28/145,39,,,
530487756361003882,Анкер-шпилька HSA М8х85 35/25/ арт 2004124 Hilti. Срок поставки 2-3 недели,74,,,
659089665394103175,Анкер-шуруп HUS4-H 14x75 10/-/-,31,,,
-3339600663102950385,Анкерный болт R-XPT-08085/20 (100шт),36,,,
-646263752405626028,"Анкерный стержень 15,0мм без покрытия, неоцинкованный 3,00м",59,,,
-5427576169629906466,Анкерный элемент ТехноНИКОЛЬ 8*45мм (2500шт/кор),48,,,
1091175014334681770,"Арматура 6 мм (протянутая) (1 шт = 1,35 кг, L = 6 000 мм, кп. В 500 С)",70,,,
4811629414752089688,Арматура А-III 8,16,,,
-8680034719083788923,Арматура композитная АСК-6 Н бухта 50 м(срок постаки 1-2 раб дня),65,,,
-7368892783162193428,"Арматура A-III 16 (1 шт = 19,5 кг, L = 12 000 мм, кл. А 500 С)",62,,,
502429531386007576,Артикул: GT003_120*60 Описание: Неглазурованный керамогранит Размер: 60*120 Цвет: no colour / Коллекция: Грани Таганая Фабрика: Грани Таганая Характеристика:,157,,,
3403760736732368734,Артикул:Известняк серый Ничрасский Описание: Известняк Размер: 20х40х3 Цвет: серый Характеристика: матовый,106,,,
3634156967700808800,"Астра-321, Тревожная кнопка, фиксация при нажатии, индивидуальный механический ключ разблокировки (ТЕКО)",104,,,
1613471510987812467,Балка 20 Б1,11,,,
-1508325156797618489,"Балка 20 Ш1 ГОСТ Р 57837-2017(АСЧМ 20-93), длина 12 м, марка С255 (24 м)(срок поставки 4 недели )",97,,,
-8908016394168659802,"Балка 20 Ш1 ГОСТ Р 57837-2017(АСЧМ 20-93), длина 12 м, марка С255 (408 м)(срок поставки 3-6 недель )",100,,,
-1382954431278111057,Бетон В25 W6 F150 П4 на гравии с замедлителем схватывания,57,,,
8984946460929180070,Бетон М-350 (В25) W6 F150 на гравии П4 под бетононасос (с добавление Пластификатора П4 и замедлителя до 2-х часов),114,,,
-4879226539354616326,Бетон на гравии М-150 W4 F100,29,,,
7542054430008351775,"Блок розеток Hyperline SHE19-8SH-S-IEC блок розеток 19"", 250В, 1U, 10А, 8 розеток Schuko, с выключателем, алюминиевый корпус, разъем IEC 60320 С14",146,,,
1991647152685766803,Блок розеток SHE19-8SH-S-IEC 19дюйм 250В 1U 10А 8 розеток Schuko с выкл. алюм. корпус разъем IEC 60320 С14 Hyperline 255002,123,,,
8808097023852142773,"Блок силовых розеток горизонтальный SOHO, 8 позиций 8A, 19"" 1U (без шнуров в компл.), черный (RAL 9005)",103,,,
-5666869012871461663,Блок ФБС 9.3-6Т,15,,,
6736741509139183726,"Блоки из пеностекла ""НЕОПОРМ"" D 130 кашированные стеклохолстом, размер плит 600х450х130 мм, в упаковке 0,10530 м3",113,,,
8882539355466350009,"Бобышка сталь №4 БП-КР-40 под кран для манометров вварная прямая G1/2"" L=40mm HP Роема 00000024790. Срок поставки 2-3 недели",124,,,
7284166847806873444,Бокс пластиковый навесной IP30 4 мод. КМПн 2/4 с прозр. крышкой без шин,71,,,
-4085702824841685071,"Болт консольный (1 шайба, 1 гайка) ССД(срок постаки 14 дней поставка к поставщику + 4 недели до Клд)",100,,,
3299123317783031000,Болт М20,8,,,
4138281853769697439,Болт с шестигранной головкой М8х30 DIN 933 класс прочн. 8.8 оцинк. пакет (уп.60шт) СТРОЙМЕТИЗ UTORM969093M830,109,,,
-3578171725545443187,Болт M16x100 8.8zn DIN 933 + Гайка M16 8zn DIN 934(срок постаки 4-6 недель),75,,,
3076984653934721580,Брус обрезной 100х100х6000,26,,,
296286129117741142,"Брусок 100-100-6м пиломатериал обрезной из ели, консервированный, антисептированный",83,,,
-6680745238751795984,Бур по бетону серия Профи (4x160 мм; SDS-plus) ПРАКТИКА 037-350. Срок поставки 5-10 раб. дней комплектация + 5-7 недель доставка,128,,,
2190331336232827701,Бур по бетону DORN Quatro SDS-Plus 10x160 мм. Срок поставки 5-10 раб. дней комплектация + 5-7 недель доставка,109,,,
8979539063692207484,Бур по бетону SDS-plus 12x210 мм Ма1пх(срок поставки 3-4 раб.дня),65,,,
-8703007390463542065,бур SDS+ 18*260,15,,,
3206724810507964253,"Вал верхний регулировочный с унивилкой ВВРУ-0,75 (оцинк.)",57,,,
-9043928848170188989,"Вата из стекловолокна Ursa Terra 34 PN Pro 100×1250×610 мм (12 плит; 9,15 м2; 0,915 м3) 16 уп/пал",97,,,
5434861121916891933,"Вата каменная Isoroc Изоруф-НЛ (115 кг/м3) 1000х600х50 (3,6 м2,18 м3)",69,,,
-3463757641146663840,Ввод в стену для кабель-канала RQM 100 DKC 01776,48,,,
-808528917374851617,"Вентиль угловой шаровый 1/2"" х 1/2"" РН/РН F219.04.3",51,,,
-6832529372861123583,Вентилятор Канал-ВЕНТ-125,25,,,
3838802593137154156,"Вентилятор осевой YWF(K)4D-500-ZF (трехфазный 380 В, с настенной панелью)",73,,,
8711584292430900612,"Вес товара, кг:0.7 Наличие вторичной оптикида ПроизводителыРоссия Угол свечения, °:10,15,24,30,45,60,120 Потребляемая мощность, W:12 Температура свечения, К: 2700-3000/4000-5000 Класс защиты, IP: 65 Тип светодиодов: OSRAM (Германия) Габариты, mm: D130 Н90 Посадочное место, mm: D117 Н90 Материал: Нержавеющая сталь, алюминий, стекло Гарантия, лет: 5 лет",353,,,
-8972085214250933845,"Вес товара, кг:0.7 Наличие вторичной оптикища ПроизводителыРоссия Угол свечения, °:10,15,24,30,45,60,120 Потребляемая мощность, W:18 Температура свечения, К: 2700-3000/4000-5000 Класс защиты, IP: 65 Тип светодиодов: OSRAM (Германия) Габариты, mm: D130 Н90 Посадочное место, mm: D117 Н90 Материал: Нержавеющая сталь, алюминий, стекло Гарантия, лет: 5 лет",353,,,
5309163567645761086,"Вес товара, кг:3.8 Наличие вторичной оптики:да ПроизводителыРоссия Угол свечения, °: 10,15,24,30,45,60,120 Потребляемая мощность, W:36 Температура свечения, К: 2700-3000/4000-5000 Класс защиты, IP: 65 Тип светодиодов: OSRAM (Германия) Габариты, mm: D300 Н90 Посадочное место, mm: D288 Н90 Материал: Нержавеющая сталь, алюминий, стекло Гарантия, лет: 5 лет",355,,,
7783531074616153402,"Вес товара, кг:3.8 Наличие вторичной оптикища ПроизводителыРоссия Угол свечения, °:10,15,24,30,45,60,120 Потребляемая мощность, W:36 Температура свечения, К: 2700-3000/4000-5000 Класс защиты, IP: 65 Тип светодиодов: OSRAM (Германия) Габариты, mm: D300 Н90 Посадочное место, mm: D288 Н90 Материал: Нержавеющая сталь, алюминий, стекло Гарантия, лет: 5 лет",353,,,
6888097317043071252,Видеокамера IP DS-I400(C) (2.8мм) 2.8-2.8мм цветная корпус бел. HiWatch 1120585,79,,,
-5470458513855737543,Вилка кабельная перенос. 3Р+Е+N 16А 380В IP44 (015),51,,,
3148459077203575224,Вилка электрическая прямая однофазная 16А 250В IP44 с заземл. каучук (еврослот) UNIVersal 602227,96,,,
-8887469108725946178,"Винт с внутр. шестигранником DIN912, кл.пр. 12.9, ""Имбус"" 6*16, без покрытия",76,,,
-1315691058534873459,"Внешний угол 3,3м",17,,,
6558453322805565064,Воздуховод гибкий звукоизолированный Акустик-стандарт 160х10,60,,,
2719463372914625228,Воздуховод гибкий неизолированный D102mm (10м).,47,,,
689796832552265532,Воздуховод звукопоглощающий 160,31,,,
4835942802180212542,Воздухоотводчик автоматический латунь Ду 15 НР прямой SantechSystems,68,,,
-8167019622023067567,Воздухоотводчик лат Ду15 Ру10 р/р авт прям Icma 82719AD05,57,,,
8270829038338136000,"Воздухоотводчик латунный Ду.15 (1/2"") р/р прямой",48,,,
413977825899996076,"Воздушный клапан КВ (Кр) Ф160 L = 200 (оц. ст. 0,5 / рез. уплотн.)",66,,,
8826528482156936665,"Воздушный клапан КВК 125 Р (Арктос, Россия)",43,,,
712295822299570484,Воздушный клапан KBK 160Р,25,,,
-2191088544445101690,Воронка парапетная ТехноНИКОЛЬ с галтелью 100*100*600 квадратного сечения,73,,,
5554547749151988602,Вставка плавкая цилиндрическая размером 10x38 на 10А CHINT,58,,,
-3626365451825374329,Выключатель 2-клавишный ОП 10А белый,36,,,
-6008275113875886019,Выключатель автоматический модульный 1 п С 16А 4.5кА ВА47-29 IЕК MVA20-1-016-C,78,,,
-1723173495297628615,"Газонокосилка бензиновая 3,0кВт, леска+диск, 4207255мм, цельная штанга БТ-560/ ВТ-56 ""MASTER""",93,,,
-6075940828724374671,Гайка М12 оцинк. 1шт.=25г,25,,,
-7533942685323584121,Гайка М8,8,,,
2792127526785643838,Гайка оцинкованная М16,22,,,
4762448787090584171,"Гайка шестигранная М4 DIN 934 цинк, пакет (уп.50шт) Tech-Krep 103023",68,,,
-4243524986754456080,Гайка шестигранная М8 цинк. DIN 934 (уп.200шт) класс прочности 5.8. пакет СТРОЙМЕТИЗ UTORM3030058,97,,,
1082830959731927360,Гайка DIN934 М10 оц.. Срок поставки 2-3 раб дня,47,,,
-5780177706540014512,Гвоздь F-DN 52 для порохового монтажного пистолета усиленный(d=4mm),67,,,
2320332576255299175,"Геосетка из стеклоровинга с комплексной полимерной пропиткой ГЕО СТ 30/30-2,5x2,5 (разрывные характ-ки ЗОкН/ЗОкН, размер ячейки 2,5мм*2,5мм) Рулон (6м* 100м = 600 м2)",166,,,
-8727170456027136451,"Гидроизоляционная мастика Технониколь №24 МГТН, ведро 20 кг ЦБ769348 (0.7 кг на м2). Срок поставки 6-7 раб. дней",112,,,
1583059531990458768,Гидроизоляционная шпонка АКВАСТОП® ХВН-120-04 (12.912-04 ПВХ-П I 70) ТУ 5772-001-58093526-11 (в комплекте с крепежом - 3 шт/м),126,,,
-5871733286917429671,"Гидроизоляционная шпонка ГидроКонтур тип ХО-320-6/25 (опалубочная для рабочих швов, ПВХ, арт.4310/ГК11)",103,,,
5093368232592476943,"Гофрированная труба ЭРА ПВХ серый d 20мм с зонд, легкая 100м Б0020110. Срок поставки 10-12 раб. дней",100,,,
1882270081321558403,"Грунтовка глубокого проникновения для наружных и внутренних работ. Соответствие ГОСТ Р 52020- 2003 Материалы лакокрасочные водно¬ дисперсионные. Общие технические условия. Для укрепления пористых и впитывающих минеральных поверхностей на глубину до 5 мм, в том числе по гипсокартону, дереву, кирпичу. Предварительная обработка оснований перед окраской, шпатлеванием, обладает высокой проникающей способностью, после высыхания образует ровную матовую полупрозрачную поверхность цвет - белый, после высыхания - бесцветный. Объем 5 л.",531,,,
-4908842061304968894,Двери противопожарные 1200x2100. Без учета монтажа.,51,,,
-3338759897086936832,"Дверное полотно POSEIDON Белый (RAL9016 стандарт) 900x2000, дверная коробка В75 ДПК телескопическая (компл.)21х10 1 ств., наличник (прямой) телескопический ДПК Г-образный 2200x10x70 (компл. С 2-х сторон). Добор телескопический ДПК 150x5x2100 мм POSEIDON Белый. Дополнительно: выпадающий порог. Фурнитура: скрытые петли, ручка нажимная, замок ключ/ключ",351,,,
-3157265758913523464,"Дверное полотно POSEIDON Белый (RAL9016 стандарт) 900x2000, дверная коробка В75 ДПК телескопическая (компл.)21х10 1 ств., наличник (прямой) телескопический ДПК Г-образный 2200x10x70 (компл. С 2-х сторон). Добор телескопический ДПК 300x5x2100 мм POSEIDON Белый. Дополнительно: выпадающий порог. Фурнитура: скрытые петли, ручка нажимная, замок ключ/ключ",351,,,
6835416908715976515,"Дверной блок ДВ3 Д Г 21-11 СТБ 2433-2015 Полотно """"Palladio"""" CPL, без наплава, заполнение -  smart core, кромка пвх, с усилением под доводчик Дверная коробка деревянная UD под проём 21-11 глубиной 250 мм эмаль заказной Петли скрытой установки Комплект фурнитуры по ТЗ",268,,,
-3438000920150710079,Дверной блок PRAGMATIC облицовка ПВХ + RAL 9010 ДП глухое 950*2000мм. с усилением под доводчик и выпадающий порог Дверная коробка 90*40 ДПК  Корпус 1 ДВ-2 ДВ-2л Корпус 2 ДВ-2 ДВ-2л,180,,,
-6077597221854333221,"Дверной блок PRAGMATIC облицовка ПВХ + RAL 9010 ДП глухое 950*2000мм. с усилением под доводчик и выпадающий порог Дверная коробка 90*40 ДПК (комплект 2,5 шт. с врезкой под петли) Добор 200мм. - комплект 2,5 шт. Наличник 70*20 - комплект 2,5 шт. Наличник F 70*20 со стороны добора - комплект 2,5 шт.) Корпус 1 ДВ-1 ДВ-1л Корпус 2 ДВ-1 ДВ-1л",339,,,
-7776656500323952928,Дверные ручки для финских замков,32,,,
-4696694241917001696,"Дверь глухая, однопольная, правая, стальная противопожарная EIS60, под проем 1070x2110h мм, с уплотнением в притворах, порошковая окраска в цвет Ral 9010, замок цилиндровый, порог, доводчик, нажимная ручка с двух сторон, фурнитура, крепления",241,,,
-5908868510561156249,"Дверь металлическая, однопол., пр. 1050*2100",44,,,
-519620725536900043,"Дверь наружная металлическая техническая усиленная двупольная, толщина металла 2 мм, размер по коробке 2080*1470 мм, рабочая створка 900 мм, правого открывания, коробка угловая, порог 14мм, ручка на планке нерж., замок врезной с цилиндром, доводчик GEZE TS 1500 (2 шт), координатор последовательного закрывания створок FAPIM, система Антипаника на раб.створке, порошковое покрытие RAL 7016 (марка ДН-3)",402,,,
106647490247242733,"Дверь наружная металлическая техническая усиленная однопольная, толщина металла 2 мм, размер по коробке 2080*1070 мм, правого открывания, коробка угловая, вент.решетка 150*150 мм, порог 14мм, ручка на планке нерж., замок врезной с цилиндром, доводчик GEZE TS 1500, подготовка под СКУД накладного типа (без учета стоимости СКУД), порошковое покрытие RAL 7016  (марка ДН-2)",371,,,
7135750477971884433,"Дверь наружная металлическая техническая усиленная однопольная, толщина металла 2 мм, размер по коробке 2080*1070 мм, правого открывания, коробка угловая, порог 14мм, ручка на планке нерж., замок врезной с цилиндром, доводчик GEZE TS 1500, подготовка под СКУД накладного типа (без учета стоимости СКУД), порошковое покрытие RAL 7016 (марка ДН-1)",345,,,
2337024986744016245,"Дверь противопожарная металлическая ДПМ-1 EI-60. Металл 1,2 мм. Размер по коробке 1060*2080(5), открывание ПРАВОЕ, порог 14мм, наличники 50 мм с трех сторон, порошковая покраска по каталогу RAL7016, ручка нажимная с огнеупорным замком ключ/ключ, 2 петли на створке. Дополнительно: доводчик, вент.решетка 600*200(5) мм",317,,,
-4107146498215458311,"Дверь противопожарная металлическая ДПМ-1 EI-60. Металл 1,2 мм. Размер по коробке 1060*2080(5), открывание ПРАВОЕ, порог 14мм, наличники 50 мм с трех сторон, порошковая покраска по каталогу RAL7016, ручка нажимная с огнеупорным замком ключ/ключ, 2 петли на створке. Дополнительно: доводчик",289,,,
-5910602339084230140,"Дверь противопожарная металлическая ДПМ-2 EI-60. Металл 1,2 мм. Размер по коробке 1460*2080(5), раб.створка не менее 900мм ЛЕВАЯ, порог 14мм, наличники 50 мм с трех сторон, порошковая покраска по каталогу RAL 7016, ручка штанга Антипаника на 2-х створках, 2 петли на створке. Дополнительно: 2 доводчика + координатор закрывания створок.",336,,,
6288643259601201842,"Дверь противопожарная однопольная ДП-01(EI60), размер по коробке 2080*1020 мм, правого открывания, толщина металла 1,2 мм, порог 23 мм (плоский), ручка на планке (нерж.), замок врезной с цилиндром, доводчик GEZE TS 1500,  обратное открывание, коробка угловая, СКУД ST-DB510WMLT,  порошковое покрытие RAL 9010  (марка ДМП-1 корпус 1)",332,,,
-4326487974101434333,"Дверь противопожарная однопольная ДП-01(EI60), размер по коробке 2090*1040 мм, правого открывания, толщина металла 1,2 мм, порог 23 мм (плоский), ручка на планке (нерж.), замок врезной с цилиндром, доводчик GEZE TS 1500,  обратное открывание, коробка угловая,  порошковое покрытие RAL 9010  (марка ДМП-1 корпус 2)",313,,,
1440017667776965673,"Дверь стальная, уличная, двупольная, под проем 1500x2100h мм, защитное многослойное покрытие Цинкогрунтом, открывание основной створки-левое, основная створка-900 мм в свету, обе створки активные, оборудована координацией последовательного закрывания полотен; стальная глухая, с доводчиком, утепленная, усиленная, замок цилиндрованный, порог, цвет RAL 7016; ручка """"Антипаника"""", фурнитура, крепления",400,,,
-6834777743020448003,"Дверь стальная, уличная, под проем 1100x2100h мм, цвет Ral 7016, сталь 1,5 мм, защитное многослойное покрытие Цинкогрунтом, порог 38 мм, утепление рамы, 2 контура уплотнения, утепление рамы, доводчик, замок Гардиан, броненакладка, фурнитура, крепления",251,,,
-5616809968603850782,"Дверь техническая 2100*1500 мм (левая, 7016, с наличником, с порогом, раб. 900, металл 1,5 мм, анти-паник бар на 2 створки (установка), усиление под координатор, размер по коробке)",180,,,
-4856454853540328846,"Двустенная труба ПНД гибкая для кабельной канализации д.90мм с протяжкой, SN8, 450Н, в бухте 100м, цвет красный",111,,,
-3441014067504359069,Держатель для труб универсальный ф 0-160мм,42,,,
3353977572322642144,Дефлектор для внутреннего блока кондиционера,44,,,
8856159375415264731,Дизельное топливо,17,,,
1929162040940345823,"ДМ-13 (1500, 2100, Л, У, RAL 7016, сталь 1,5 мм, Двойное покрытие, 2Д DL 70+Синхронизатор, Порог 38 мм, Утепление рамы + 2-й контур уплотнения, Створка 1000 мм, вент.решетка 200*200, Гардиан 3211, Система """"Антипаника"""" на 2 створки, Броненакладка, Ручка Гарант, размеры по коробке)",282,,,
-2707712316238177376,"Домкрат CUP-LOCK верхний труба 0,75 Новый",41,,,
-6983448563739913172,Дополнительное запорное устройство ДЗУ-1,40,,,
3229051805896500208,Дополнительное запорное устройство ДЗУ-1. Срок поставки:25 рабочих дней. произв. + 5 недель доставка,100,,,
-1341649842986311105,"Дорожные плиты ПД-30.17,5.1",27,,,
-1313029023133569364,"Дорожные плиты ПД-30.17,5.1 Характеристики: Автомобильная нагрузка: 30 т. Длинна: 3000 мм Ширина: 1750 мм Высота: 170 мм Масса: 2200 кг.",136,,,
7637897339965986525,Доска обрезная 50*100,21,,,
2862684326470858504,"ДП-1 (EiS 60, 900, 2100, П, У, RAL 7035, сталь 1,2 мм, Усиление под доводчик, Порог 38 мм, Замок V1739, Дверной гарнитур DL VS38 KP/F PZ72, размеры по коробке)",159,,,
-9006242781012391246,Дюбель с шестигранной головкой KD-10100 (TSX-S),47,,,
3090980518015290979,Дюбель TA10-130T с металлическим гвоздём с термоголовкой (500 шт)     • Гвоздь с термоголовкой T130     • Дюбель TA10-130,121,,,
4452883919885267042,"Дюбель-гвоздь монтажный 4,5*60 оц. (20 кг)",42,,,
-3407702637279902665,"ЕАХ 410 С Клеевой анкер (винилэстер, без стирола)",49,,,
1421184537693200310,"ЕГАИС Доска обрезная 25x150мм 6м (0,0225 м3)",44,,,
-9141956486132336784,Забивной анкер M14/18*60,24,,,
8491460320697130556,"Заглушка ПВХ, 160",17,,,
-482259208086047691,"Задвижка чугун 30ч39р аналог МЗВ обрезиненный клин гайка чугун, шток сталь Ду 50 Ру16 фл Китай. Срок поставки 2-3 недели",120,,,
-5517491752074250446,ЗАДВИЖКА ЧУГУН 30Ч6БР ДУ 100 РУ16 ТМАКС=225C ФЛ ЛМЗ,51,,,
-5160934740060735401,"Зажим кабельный с контргайкой PG16, D9 - 14 мм DKC (52900) - Зажим кабельный с контргайкой, IP68, PG16, д.9 - 14мм, температура монтажа/эксплуатации -25+60, Диаметр монтажного отверстия 22,5 мм",193,,,
-5825560341062090006,Зажим ответвительный прокалывающий Р4Х-150 (35-150; 35-150) (Р 70; SLIW 17.1/17.2; Р4Х- 150D; CT1S 95-25; ОР 95; ЗОИ 25-95; PC 35-150) ИНСТАЛЛ 111308,149,,,
-2316267285385988399,"Зажим полоса-полоса (3 пластины), оцинк., арт 70032",51,,,
-1063479444578769206,Зажим прута унив. OG,20,,,
2060205287719002704,Заземлитель вертикальный из уголка 50х 50x5мм Зм,48,,,
4527470171811113950,"Закладная деталь к опоре ОККСф ЗД-159-2,0",41,,,
5521481029764545575,Закладной элемент ТР6,21,,,
5956179064035035210,Замок врезной под цилиндр для финских дверей,44,,,
1758077177145447942,"Знак медицинского и санитарного назначения EC 01 """"Аптечка первой медицинской помощи"""" 200х200 мм, пленка самоклеящаяся с покрытием фотолюминесцентным ГОСТ Р 12.4.026-2001 EKF",175,,,
5330740486496703508,"Знак F 10 """"Кнопка включения установок (систем) пожарной автоматики"""" 200х200 мм, пленка самоклеящаяся с фотолюминесцентным покрытием ГОСТ Р 12.4.026-2001 EKF",158,,,
4822811554242266750,"Кабели огнестойкие симметричные, для охранно-пожарной сигнализации. Групповой прокладки, экранированный, безгалогенный КПСЭКнг(А)-FRHF 1x2x1",140,,,
2955335137980372330,Кабель волоконно-оптический 24 волокна одномод. 9/125мкм стандарта OS2 внутр./внешний распределительный с плотным буфером LSZH -40С нг(А)-НFLТх черн. NIKOLAN NKL-F-024S2I-00C-BK,177,,,
70935728995963225,Кабель КГ 1х25,14,,,
2238499182706446885,"Кабель коаксиальный RG-6, 1х1,13 мм², 75 Ом РК 75-4,8-319нг(А)-LSLTx бухты по 250м, срок произв 30 дн",101,,,
-7590835580836096598,"Кабель монтажные с полимерной изоляцией, не распространяющие горение, с пониженным газо-, дымовыделением, ТУ3581-003-17648068-2014 экранированный МКЭШнг(А)-LSLTx 2х0,75",168,,,
-7629876767137621133,"Кабель монтажный, с медной луженой жилой, изоляцией и оболочкой из полимерных композиций, не содержащих галогенов, экранированный МКЭШВнг(А)-HF 1х2х0,5",151,,,
3725114187049844088,"Кабель на основе витой пары Cat.5e, U/UTP, 4 пары, SignaPro™, не содержит галогенов, низкотоксичный, для групповой прокладки, HFLTx, 305 м (цена за 1 м)",152,,,
1456364867295177881,Кабель РК 75-4.8-319 нг(А)-LSLTx (м) Паритет 259362,51,,,
-7997814498754182474,"Кабель DVI-D - DVI-D Dual Link ExeGate EX-CC-DVI2F-3.0 (25М/25М, 2 фильтра, позолоченные контакты), вилка-вилка, длина - 3.0 метра",130,,,
2804999127149498898,Кабель FO-ST-OUT-9S-4-PE-BK волоконно-оптический 9/125 (SMF-28 Ultra) одномод. 4 волокна армированный стекловолокном волокна в оптич. модуле с гидрофобным гелем (loose tube) для внешней прокладки РЕ (-40град.С - +70град.С) Hyperline 397432,239,,,
-1051895192524875802,"Кабель NIKOLAN волоконно-оптический, 2 волокна, одномодовый 9/ 125мкм, стандарта OS2, внутренний/внешний, распределительный, с плотным буфером, полимерный материал нг(А)-LSLTх, черный - гарантия: 5 лет расширенная / 25 лет системная (отгрузка может осуществляется с использованием альтернативного барабана, который подбирается в зависимости от требуемой длины и является отдельной позицией в прайс-листе)",404,,,
4425272620862581541,"Кабель NIKOLAN волоконно-оптический, 2 волокна, одномодовый 9/125мкм, стандарта OS2, внутренний/внешний, распределительный, с плотным буфером, полимерный материал нг(A)-LSLTx, черный - гарантия: 5 лет расширенная / 25 лет системная (отгрузка может осуществляется с использованием альтернативного барабана, который подбирается в зависимости от требуемой длины и является отдельной позицией в прайс-листе)",403,,,
973304988750510817,"Кабель NIKOLAN волоконно-оптический, 24 волокна, одномодовый 9/ 125мкм, стандартаOS2, внутренний/внешний, распределительный, с плотным буфером, полимерный материал Hr(A)-LSLTx,черный - гарантия: 5 лет расширенная / 25 лет системная (отгрузка может осуществляется с использованием альтернативного барабана, который подбирается в зависимости от требуемой длины и является отдельной позицией в прайс-листе)",403,,,
7603039135874797042,"Кабель NIKOLAN волоконно-оптический, 8 волокон, одномодовый 9/ 125мкм, стандартаOS2, внутренний/внешний, распределительный, с плотным буфером, полимерный материал Hr(A)-LSLTx,черный - гарантия: 5 лет расширенная / 25 лет системная (отгрузка может осуществляется с использованием альтернативного барабана, который подбирается в зависимости от требуемой длины и является отдельной позицией в прайс-листе)",402,,,
-8771985469134978498,"Кабель NIKOLAN волоконно-оптический, 8 волокон, одномодовый 9/125мкм, стандарта OS2, внутренний/внешний, распределительный, с плотным буфером, полимерный материал -40C нг(A)-LSLTx, черный - гарантия: 5 лет расширенная / 25 лет системная",236,,,
4097471458292803403,Кабель-канал 100x40 L2000 пластик ТА -GN D КС 01782,51,,,
2303187474267032760,Кабельный кронштейн C30/W800,28,,,
7392072574649653449,"Кабельный организатор Hyperline CM-1U-ML-COV кабельный организатор с металлическими кольцами и крышкой, 12 ячеек, листовая стать 1.6 мм, размер колец 45 х 44 мм, ширина 19"", 1U",176,,,
6347756480707664577,"КабельNIKOLAN волоконно-оптический, 4 волокна, одномодовый 9/ 125мкм, стандартаOS2, внутренний/внешний, распределительный, с плотным буфером, полимерный материал Hr(A)-LSLTx,черный - гарантия: 5 лет расширенная / 25 лет системная (отгрузка может осуществляется с использованием альтернативного барабана, который подбирается в зависимости от требуемой длины и является отдельной позицией в прайс-листе)",401,,,
8003870637473770026,"Катанка ф8 (6м=2,8кг,ст3сп/пс)",30,,,
3262605713706592379,Керамзитовый гравий 15/20,25,,,
1752302266372205510,"Кирпич лицевой светло-коричневый лиц. ст. 20мм, 1НФ",51,,,
9006818554799954734,Кирпич полнотелый КРО М-175 250x120x65мм,40,,,
7456866482953207307,Клапан балансировочный Danfoss APT Ду32 20-60 кПа,49,,,
-6715316654779900788,"Клапан обратный 1"", (04)",24,,,
4084375834428176165,Клей для блоков из газобетона 25кг,34,,,
-2540575727864759975,"Клей для теплоизоляционных блоков. Предназначен для монтажа блоков из ячеистого бетона с высоким водопоглощением. Baumit PlanoFix, 40 кг",136,,,
-4330111030425207586,"Клей EUROBASE LR-425/Вид:универсальный/Оcнова:акриловая/Для:линолеума,ковролина,lvt ламината/Морозостойкий/Ведро-14кг",117,,,
5986873100248049766,Клей KRASS контактный водно-дисперсионный 12 кг Л-С,51,,,
-101621605175008381,Клемма заземления КЕДР  К3-50 PRIME 8011742,43,,,
-2588093393803157279,"Клемма соединительная, 5 контактов WAGO (222-415) - Клемма соединительная, 5 контактов, сечение провода 0.08-2.5 кв.мм",118,,,
-5329024287934031338,Клемма строительно-монтажная СМК 222-415 РСТ-215 5-проводная с рычагом (блист.5шт) TOKOV ELECTRIC TKE-PCT-215/BL5,113,,,
4204854778227296212,Клиновой анкер В 20-60-82/205 оцинк. (10 шт.),45,,,
2605577085762345430,"Колено канализационное ПВХ 160мм/87,5гр наружное",48,,,
1679562069908298556,Колено ПВХ 160 х 90* наруж.,27,,,
2022724969694357923,"Колодец ККСр-2,5-10(80) ГЕК-ССД (В25) в битумно-латексной гидроизоляции(срок постаки 14 дней поставка к поставщику + 4 недели до Клд)",133,,,
-1876299250920604269,Кольцо опорное КО-6,19,,,
227849381351671205,Кольцо уплотнительное КОРСИС DN/ID 200 WТ TPЕ-V,47,,,
1588546388302239888,Кольцо'колодца КСф-15.9,23,,,
-4637207666482147108,Комплект заделки сварного стыка 325/450  (кожух оц.+пенопакет+держатели+пробки+гильзы+термоклей). Срок поставки:25 рабочих дней. произв. + 5 недель доставка,156,,,
-5812746591381420732,Комплект крепежа для ОГК/ОКК- 3/4/5/ОП1 ф (болт М1 2x50 - 4шт; гайка М12 - 4шт; шайба С12 - 4шт; гровер С12 - 4шт) Пересвет В00005713,133,,,
-5639302404719512223,"Комплект маркировочный КМП для кабеля, бирки 90x20x2, пластмасса, черный (50 комплектов + 1 маркер) 120808-00041 (СвязьСтройДеталь)",131,,,
2772934271335103524,Контргайка Ду 32 латунь/никель h - 11мм Aguasfera,49,,,
6177741538271905077,"Концевой элемент б/ш 219*6,0/315 ППУ ПЭ СОДК L=2200 МЭИ и кабелем вывода с торца ГОСТ 30732-2020. Срок поставки 25 рабочих дней, произв. + 5 недель доставка",156,,,
7744887300907693142,"Концевой элемент б/ш 325*7,0/450 ППУ ПЭ СОДК L=2200 с МЭИ и кабелем вывода с торца ГОСТ 30732-2020 . Срок поставки 25 рабочих дней, произв. + 5 недель доставка",159,,,
5187582577923508516,"Концевой элемент с закольцовкой кабеля Мст.10-20, ГОСТ 8732-78/8731-74 219х6,0-1(315)-ППУ-ПЭ (L=10 000 мм)",106,,,
-8401955501260566984,"Концевой элемент с торцевым кабелем вывода ГОСТ 8732-78/8731-74 Мст.10-20 273х7,0-1(400)-ППУ-ПЭ (L=2200мм)",106,,,
5879806938126358520,"Концевой элемент с торцевым кабелем вывода Мст.10- 20.ГОСТ 8732-78325х8,0 -1 (450) -ППУ-ОЦ-(L=2200м)",100,,,
7411707685818743941,"Концевой элемент стальной Ду250 – Ø273х7,0 в тепловой изоляции типа 1 из пенополиуретана в полиэтеленовой трубе - оболочке с металлической заглушкой изоляции с торцевым кабелем вывода проводников системы СОДК(ГОСТ 8732)",219,,,
-7086337879245933222,"Концевой элемент стальной Ду40– Ø45х4,0 в тепловой изоляции типа 1 из пенополиуретана в полиэтеленовой трубе - оболочке(ГОСТ 8732)",130,,,
-105345083812150286,"Концевой элемент стальнойДу150 - Ø159x5,0 в тепловой изоляции типа 1 из пенополиуретана в полиэтеленовой трубе - оболочке с металлической заглушкой изоляции с торцевым кабелем вывода проводников системы СОДК",207,,,
-1037421583669798455,"Короб 100x60мм L2000TA-GN ПВХ, цвет белый, с крышкой, с направляющими для установки разделителей 01786 (DKC)",108,,,
3134326558014805526,"Коробка оптическая коммутационная 19"" 1U, незагруженная, до 24 портов, со съемным органайзером, 1 сплайс-кассета, серая",119,,,
6963333491640548176,"Коробка пластиковая FS с кабельными вводами и клеммниками, IP55,240x190x90 MM,8p,450V,32A, 10 мм2, нерж.контакт",111,,,
4989403723928139922,"Коробка установочная СЗ 668x45 для полых стен (с саморезами и пластик, лапками) IEK UKG10-068-045-000-P-UD",106,,,
-965874364893815107,Корпус металлический ЩМП-3-0 650x500x220мм У2 IP54 для наружной установки GENERICA IEK YKM40-03-54-G,100,,,
-5133693896770165999,"Корпус ОП КМПн-24 Krepta 5 IP55 пластик. IEK MKP72-N3-24-55 - есть расхождения по хар-кам, на замену",100,,,
-5529682190230115932,"костыль кровел. оцин сталь t 2мм, ширина 40мм, длина 1145 мм Срок изготовления 14 рабочих дней первая партия.",109,,,
-6595524475948818857,Кр-1 Арматурный каркас,22,,,
4572022751171180438,"Кран для манометра 3-ходовой латунь Ду 15 Ру25 BP G1/2"" с рукояткой без фланца Роема 00000006160. Срок поставки 2-3 недели",122,,,
989490059072144793,Кран ППР шаровый 50 серый НЕРЖ.,31,,,
7681983977207800794,"Кран шаровой водоразборный латунь со штуцером Ду 15 Ру10 НР/штуц G1/2"""" рычаг L=125мм SantechSystems",100,,,
6758108575140360818,"Кран шаровой рук.бабочка 1/2"" Вн - Вн. ICМА(Италия)",51,,,
-6867754358832674306,Кран шаровой сталь 11с67п Ду 250 Ру25 п/привар L=510мм FORTECA 182.1.250.025. Срок поставки:25 рабочих дней. произв. + 5 недель доставка,136,,,
-8568116701151111799,"Кран шаровой сталь св./св. Temper DN200 PN25 L=430mm, ст.20,с редуктором,стандартный проход 28220200",100,,,
-7424503478965969526,Краска по металлу HUSKY A 9л,28,,,
5723038713579441457,Краска по металлу HUSKY A 9л (+колеровка RAL1015),49,,,
8658170276468950527,"Краска фасадная, водно-дисперсионная, акриловая CERESIT CT-42 15л / 22,5 кг (0,4 кг на 2 слоя) 24 шт/пал",104,,,
4005974422395775473,Крепёж двойной для труб d 20 (30шт/уп РосТурПласт),50,,,
5259039696362510071,Крепление ППР для труб 20 серый с защ.,38,,,
-8606198472616148318,Крестовина ПВХ 110/50/110 90* двухплоскостная левая,51,,,
-1148452430611311414,Кронштейн 600 мм для крепления светильника Е420 и Е220 для школьных досок (2 кронштейна с набором крепежей),107,,,
8395823177916906501,Кронштейн настенный для радиатора (300 мм) 21/22/33,51,,,
8330993162974860062,"КРОПС-П1-4-04,IP54,Исп.1. Коробка распределительная огнестойкая КРОПС-П1, IP54, габаритные размеры 100х100х50 мм (В х Ш х Г), для кабелей сечением до 4,0 мм2, 4 клеммы. Цвет КРАСНЫЙ.",182,,,
-4088827453530086497,"Кросс оптический 19дюйм 1U 16 портов SC/UPC(16 одинарных SC/UPC адаптеров) SM 9/125 OS2 стальной сер. в комплекте: адаптеры монтаж, шнуры 1 м сплайс-кассета с крышкой гильзы заглушки NIKOMAX NMF-RP16SCUS2-WS-ES-1U-GY",216,,,
-8421951488536490663,"Круглый проводник из оцинкованной стали, диаметр 8 мм. Цинковое покрытие: 350 г/м2. Бухта 110 м. Тип: RD 8- FT RUS",114,,,
8293049511274926945,"Крюк пластмассовый д/труб одинарный 14-25, 100мм",48,,,
6140873511544047150,КС 10.9 Кольцо стеновое,23,,,
7333065631843557442,КТтрон-праймер (состав для защиты арматуры) безусадочный раствор с высокой степенью адгезии к основанию.после отверждения приобретает кирпично-красный цвет. Ведро 5 кг.,168,,,
-2859261981600093294,"ЛАН ЮНИОН Волоконно-оптический внутриобъектовый кабель Distribution, плотный буфер, SM 9/125 OS2, 24В, LSZH нг(А)-НРЬТх, цвет желтый",132,,,
4767012642214878361,"ЛАН ЮНИОН Кабель Премиум экранированный F/UTP, 4 пары, Кат.5е (Класс D), 100 МГц, проводники одножильные из чистой меди, AWG 24, огнестойкий, PVCLS Hг(A)-FRLSLTx, цвет зеленый, катушка 305 м",190,,,
-709544794185800559,"ЛАН ЮНИОН Кабель Суприм экранированный F/UTP, 4 пары, Кат.5е (Класс D), 100 МГц, проводники одножильные из чистой меди, AWG 24, внешний, ПЭ, до -60°С, бронированный стальной гофрированной лентой, цвет черный, катушка 305 м",222,,,
-5255961030399240828,Латунный разрезной анкер М6,27,,,
-910787069574575355,"Лента демпферная Пенолин НПЭ 10мм (0,1мх20м)",44,,,
7739495634418346566,Лента демпферная с клеевым слоем и защитной пленкой (НПЭ; СП; 10 мм х 100 х 10 м) Ресурс 24013. Срок поставки 4-6 недель,120,,,
1008707520821453456,Лестница металлическая ВЛ-3.5 (покраска ГФ021 два слоя)Лестница металлическая ВЛ-5.5 (покраска ГФ021 два слоя),110,,,
-831544286293444918,"Лидер кабель, 2-х жильный, для подключения светильника 24В с коннектором """"мама"""", дл. 2000 мм, в комплекте - 10 шт. ZXP399 Lead 2P DC cable 2m (10 pcs) 911401742382",165,,,
-1530534989191687888,Линолеум PARTNER/Вид:коммерческий/Сертиф икат:ФЗ-123 КМ2/Модель:Лин ком 33/2.0/Шир-2.5м/Дизайн-OSIRIS 3,103,,,
-6431183486004849432,Лист 10.0x1500x6000 г/к ст.Зсп5 ГОСТ14637-89 (5 шт),51,,,
-4052451426918526417,Лист г/к 8х1500х6000 ст 09Г2С,29,,,
8449456336024705921,Литокол HIDROCEM гидроизоляционная смесь 20кг,45,,,
3261779338475266310,Лоток ЛК 300.150.90-4 (Серия 3.00 6.1-8.1-1),44,,,
7554013762383097318,"Люк глухой, однопольный, правый, стальной противопожарный EIS60, под проем 900x1300h мм, с уплотнением в притворах, порошковая окраска в цвет Ral 9010, замок цилиндровый, порог, доводчик, нажимная ручка с двух сторон, фурнитура, крепления",238,,,
-9178563001771990622,"Люк дымоудаления, двустворчатый утепленный ЛПД 02 СТ 160. 1600х1600 высота оцинкованного основания 500 мм с зубчато- реечным приводом RACK1ax2",142,,,
-4321390221951871310,Люк л/т ГТС (Серый Чугун) без нижней стальной крышки ГОСТ 8591-76(срок постаки 14 дней поставка к поставщику + 4 недели до Клд ),128,,,
1776593262164255970,"Люк Напольный Под Плитку """"Лидер"""" 900*900 мм (ш*в)",51,,,
1200497729303236932,"Люк противопожарный однопольный ДП-01(EI60), размер по коробке 1280*870 мм, правого открывания, толщина металла 1,2 мм, порог 23 мм (плоский), ручка на планке (нерж.), замок врезной с цилиндром, доводчик GEZE TS 1500,  коробка угловая, порошковое покрытие RAL 9010 (марка ДМП-2 корпус 1)",287,,,
1339606424049558247,"Лючок напольный c изменяемой глубиной, 8 модулей",48,,,
6492827702592366427,Манжета ст.ввода D=250,22,,,
7911654584685247017,"Манжета стенового ввода 40х3,5 ППУ 125",38,,,
7852088460465710562,"Манипулятор (кузов 7 м., установка 3 т.)",40,,,
-8141028301330725358,"Манометр ТМ-510Р.00 радиальный Дк100мм 0-1,6 МПа кл.1,5 G1/2"""" Роема 00000006833. Срок поставки 2-3 недели",106,,,
3819629333821495762,"МАСТИКА БИТУМНАЯ,ИЗОЛЯЦИОННАЯ МБИ 18л",37,,,
-3421962938322793403,Мастика герметизирующая ТЕХНОНИКОЛЬ №71 ведро 3 кг,50,,,
5092169000659618549,Маты минеральные Тех Мат кэшированные фольгой 5000x1000x50 . Срок поставки :15 раб. дней изготовление + 4-6 недель доставка (ЗАМЕНА),132,,,
6886236620021900305,Маяк штукатурный металлический 10 мм 3 м. Срок поставки 5-10 раб. дней комплектация + 5-7 недель доставка,105,,,
1564868963476502391,"Медная труба CuDHP 7/8"" EN-12735, 3м",36,,,
6800289083434262703,"Медная труба D 11/8"" EN12735 Узбекистан, отрезок 3м",51,,,
4911740417093838597,"Металлический уголок 50x5 мм длина 2,93-3 м",43,,,
-683863703844855212,"Механический фильтр 11/2"" латунь CF-14-040",42,,,
2788078996366318057,Монтажная панель размером 710x480 для ВРУ-1 EKF,47,,,
-6936443770845164250,"Монтажный дюбель-гвоздь 4,5*60 (10 кг)",38,,,
-9221534893283554349,"Мощность, Вт 5 Артикул dpa-202_ Бренд: EKF Тип Светильник аварийный Монтаж Накладной Ширина, мм 143 Высота, мм 136 Глубина, мм 57 Цвет Белый Размер: 355х136х57 Источник света LED Назначение Аварийные Срок службы, часов 30000 Световой поток 300 тип аккумуляторов Li-ion Напряжение, В 220варийный",294,,,
6488096611534371945,"Мощность: 12 Вт; Световой поток*: 1 420 лм; Световая отдача: 118 лм/Вт; Цветовая температура: 3 000, 4 000, 5 000 Тип КСС: Г, Г/К, Д, К Угол излучения: 10, 15, 25, 50, 90, 10x65 Производитель светодиодов: Samsung ; Индекс цветопередачи (CRI): &gt; 80 ; Степень защиты от пыли и влаги: IP67 ; Гарантия: 60 мес.; Габаритные размеры, не более: 164x139x106 мм; Тип крепления: поворотный кронштейн ; Масса: 0,9 кг;",409,,,
5931631975265808101,"Мощность: 18 Вт; Световой поток*: 2 600 лм; Световая отдача: 144 лм/Вт; Тип КСС: Д, М Цветовая температура: 3 000, 4 000, 5 000 Тип рассеивателя: опал, прозрачный Угол излучения: 100, 120 Производитель светодиодов: Bridgelux ; Индекс цветопередачи (CRI): &gt; 80 ; Степень защиты от пыли и влаги: IP67 ; Гарантия: 60 мес.; Габаритные размеры, не более: 2000x96x92 мм; Тип крепления: поворотный кронштейн ; Масса: 0,9 кг;",420,,,
-8681266129509118320,"Мощность: 18 Вт; Световой поток*: 2 600 лм; Световая отдача: 144 лм/Вт; Тип КСС: Д, М Цветовая температура: 3 000, 4 ООО, 5 000 Тип рассеивателя: опал, прозрачный Угол излучения: 100, 120 Производитель светодиодов: Bridgelux ; Индекс цветопередачи (CRI): &gt; 80 ; Степень защиты от пыли и влаги: IP67 ; Гарантия: 60 мес.; Габаритные размеры, не более: 2000x96x92 мм; Тип крепления: поворотный кронштейн ; Масса: 0,9 кг;",420,,,
5033955382629453533,"Мощность: 20 Вт; Световой поток*: 2 300 лм; Световая отдача: 115 лм/Вт; Цветовая температура: 3 000, 4 000, 5 000 Тип КСС: Г, Г/К, Д, КТип рассеивателя: прозрачный Угол излучения: 10, 15, 25, 50, 90, 10x65 Производитель светодиодов: Samsung ; Индекс цветопередачи (CRI): &gt; 80 ; Степень защиты от пыли и влаги: IP67 ; Гарантия: 60 мес.; Габаритные размеры, не более: 1023x181x107 мм; Тип крепления: поворотный кронштейн ; Масса: 2,6 кг;",438,,,
6835322675312133577,"Мощность: 4 Вт; Световой поток*: 470 лм; Световая отдача: 118 лм/Вт; Цветовая температура: 3 000, 4 000, 5 000 Тип КСС: К Угол излучения: 5 Производитель светодиодов: Samsung ; Индекс цветопередачи (CRI): &gt; 80 ; Степень защиты от пыли и влаги: IP67 ; Гарантия: 60 мес.; Габаритные размеры, не более: 174x139x106 мм; Тип крепления: поворотный кронштейн ; Масса: 0,8 кг;",371,,,
3474494885162938116,"Мощность: 4 Вт; Световой поток*: 500 лм; Световая отдача: 125 лм/Вт; Цветовая температура: 3 000, 4 000, 5 000 Тип КСС: Г, Г/К, Д, К Угол излучения: 10, 15, 25, 50, 90, 10x65 Производитель светодиодов: Samsung ; Индекс цветопередачи (CRI): &gt; 80 ; Степень защиты от пыли и влаги: IP67 ; Гарантия: 60 мес.; Габаритные размеры, не более: 164x139x106 мм; Тип крепления: поворотный кронштейн ; Масса: 1,1 кг;",406,,,
-570241613681484263,"Мощность: 4,8 Вт; Световой поток*: 700 лм; Световая отдача: 146 лм/Вт; Тип КСС: М Цветовая температура: 3 000, 4 000, 5 000 Тип рассеивателя: опал, прозрачный Угол излучения: 100, 120 Производитель светодиодов: Bridgelux ; Индекс цветопередачи (CRI): &gt; 80 ; Степень защиты от пыли и влаги: IP67 ; Гарантия: 60 мес.; Габаритные размеры, не более: 548x96x92 мм; Тип крепления: поворотный кронштейн ; Масса: 0,6 кг;",415,,,
1130851283034561650,"Мощность: 6 Вт; Световой поток*: 690 лм; Световая отдача: 115 лм/Вт; Цветовая температура: 3 000, 4 000, 5 000 Тип КСС: Г, Г/К, Д, КТип рассеивателя: прозрачный Угол излучения: 10, 15, 25, 50, 90, 10x65 Производитель светодиодов: Samsung ; Индекс цветопередачи (CRI): &gt; 80 ; Степень защиты от пыли и влаги: IP67 ; Гарантия: 60 мес.; Габаритные размеры, не более: 300x180x107 мм; Тип крепления: поворотный кронштейн ;",419,,,
7990891248479299814,"Мощность: 6 Вт; Световой поток*: 750 лм; Световая отдача: 125 лм/Вт; Цветовая температура: 3 000, 4 000, 5 000 Тип КСС: Г, Г/К, Д, К Угол излучения: 10, 15, 25, 50, 90, 10x65 Производитель светодиодов: Samsung ; Индекс цветопередачи (CRI): &gt; 80 ; Степень защиты от пыли и влаги: IP67 ; Гарантия: 60 мес.; Габаритные размеры, не более: 164x139x106 мм; Тип крепления: поворотный кронштейн ; Масса: 0,8 кг;",406,,,
-9179477546752884122,"Мощность: 8 Вт; Световой поток *: 920 лм; Световая отдача: 108 лм/Вт; Цветовая температура: 3 000, 4 000, 5 000 Тип КСС: К Угол излучения: 5 Производитель светодиодов: Samsung ; Индекс цветопередачи (CRI): &gt; 80 ; Степень защиты от пыли и влаги: IP67 ; Гарантия: 60 мес.; Габаритные размеры, не более: 174x139x106 мм; Тип крепления: поворотный кронштейн ; Масса: 0,8 кг;",372,,,
7410883340232040398,"Мощность: 8 Вт; Световой поток*: 920 лм; Световая отдача: 108 лм/Вт; Цветовая температура: 3 000, 4 000, 5 000 Тип КСС: К Угол излучения: 5 Производитель светодиодов: Samsung ; Индекс цветопередачи (CRI): &gt; 80 ; Степень защиты от пыли и влаги: IP67 ; Гарантия: 60 мес.; Габаритные размеры, не более: 174*139x106 мм; Тип крепления: поворотный кронштейн ; Масса: 0,8 кг;",371,,,
-3115051099049195053,"Мощность: 8 Вт; Световой поток*: 920 лм; Световая отдача: 108 лм/Вт; Цветовая температура: 3 000, 4 000, 5 000 Тип КСС: К Угол излучения: 5 Производитель светодиодов: Samsung ; Индекс цветопередачи (CRI): &gt; 80 ; Степень защиты от пыли и влаги: IP67 ; Гарантия: 60 мес.; Габаритные размеры, не более: 174x139x106 мм; Тип крепления: поворотный кронштейн ; Масса: 0,8 кг;",371,,,
897424664509106788,"Мощность: 8 Вт; Световой поток*: 950 лм; Световая отдача: 119 лм/Вт; Цветовая температура: 3 000, 4 000, 5 000 Тип КСС: Г, Г/К, Д, К Угол излучения: 10, 15, 25, 50, 90, 10x65 Производитель светодиодов: Samsung ; Индекс цветопередачи (CRI): &gt; 80 ; Степень защиты от пыли и влаги: IP67 ; Гарантия: 60 мес.; Габаритные размеры, не более: 164x139x106 мм; Тип крепления: поворотный кронштейн ; Масса: 0,8 кг;",406,,,
7954598580420224939,"Мощность: 9 Вт; Световой поток*: 1 300 лм; Световая отдача: 144 лм/Вт; Тип КСС: Д, М Цветовая температура: 3 000, 4 000, 5 000 Тип рассеивателя: опал, прозрачный Угол излучения: 100, 120 Производитель светодиодов: Bridgelux ; Индекс цветопередачи (CRI): &gt; 80 ; Степень защиты от пыли и влаги: IP67 ; Гарантия: 60 мес.; Габаритные размеры, не более: 1000x96x92 мм; Тип крепления: поворотный кронштейн ; Масса: 0,7 кг;",419,,,
891040762883636664,"Муфта 20х3/4"" РН ПНД",20,,,
5510274505138486755,Муфта кабельная концевая 4КВНТП-1-25/50-Б КВТ 57889,51,,,
-394100912919677688,"Муфта кабельная концевая внутр, и наружи, установки 1 кВ 4ПКВНтпБ-в- 10/25 с наконечн. Подольск 4pkvntpbvx010x25",112,,,
-6793621856852590119,Муфта кабельная концевая универс. 1 кВ 1 ПКВ(Н)ТпбН-4х(70-120) с болтовыми наконечниками Нева-Транс Комплект 22020147,117,,,
-3292272742478800444,"Муфта концевая 4ПКВНтпБ-6/25-бн-СВ (без наконечников, для монтажа осветительного оборудования) Подольск",103,,,
-5893258069102910068,"Муфта соединительная 32 d 57x10, L=300 мм, ТУ 28.99.39-001-23105380-2017 в соотв. с ГОСТ 34278-2017 . Срок поставки 7-10 раб. дней + 6 раб. дней доставка",153,,,
1151720852025281253,Муфта-кросс МКО-П1/С09-108С ССД 130408-00051,44,,,
3277415116132533702,Накладка дверная Фабрика замков Е 002 алюминий,46,,,
2892267307275424857,Наконечник алюминиевый ТА 25-8-7,32,,,
4967723137323312342,Наконечник алюминиевый ТА 25-8-7 (опрес.) КВТ 44845,51,,,
-6955407552285725980,Наконечник ТМЛ под пайку листовой изогнутый 4кв.мм под винт d8мм ГОСТ 23981-80 (уп. 100шт) DKC 2СТЕ8М,101,,,
-6941780897653566021,Напольное покрытие ПВХ CRAFT Зм OSTIN 4,39,,,
1430204309190974772,Наружная решетка ВРН 400х400,28,,,
-6473762845885302607,"Неподвижная опора стальная Ду150– Ø159х5,0 в тепловой изоляции типа 1 из пенополиуретана в полиэтеленовой трубе – оболочке с толщиной стального щита 20 мм и высотой стального щита 400 мм(ГОСТ 8732)",197,,,
1506729758393237595,Обводное колено 20 (с муфтой) PPR арт. 251339522,48,,,
1386006682826261550,"Область применения: Для внутренних работ Тип эмали: Пентафталевая (ПФ) Эмаль ПФ -115 золото коричневая, ГОСТ 6465-76 Эмали ПФ-115. Технические условия. Упаковка 1,9 кг - 2,7 кг.",177,,,
-4917397540411034546,Область применения: для наружных работ Тип эмали: Кремнийорганическая (КО) Группа: Термостойкая (8) 81.01 Фасовка не более 20кг Цвет: белый,139,,,
-4422770296474452205,"Окно ш.1100мм*в.800мм, поворотно-откидное, профиль Витал 5-тикамерный, цвет белый, стеклопакет двухкамерный, форточка-1 шт",122,,,
-2995551258169564929,Оповещатель охранно-пожарный комбинированный свето-звуковой ОПОП 124-7 12В (корпус бел./красн.) Рубеж,101,,,
-8014998709683277740,"Опора """"АЛЛЕЯ"""" высота 8м AL80",30,,,
-8885983780496608359,"Опора неподвижная ст.эсв 133*5,0/225-1-ППУ-ПЭ ГОСТ",50,,,
825246854779304965,"Опора ОККс коническая Аллея, складывающаяся с кронштейном под два прожектора, H=8м ОККс 8(2) САРОС или аналог",109,,,
-1518923774777418940,"Опора освещения складывающаяся НФКс-6,0 м, днорожковая, сталь, круглоконическая, покрытие - гор.цинк , кронштейн Т-образный под один прожектор",142,,,
5711290027062930883,"Опора освещения складывающаяся, с кронштейном под два прожектора СТО h=8.0м (оц+ЧМ, 2113000180, CTO2v61)",104,,,
5123701650820140735,Опора: Высота — 9000мм,22,,,
-6664409531214992410,Опорная конструкция КОР 25/45 17025,35,,,
-3861803106684186281,Опорная плита ОП-1к,19,,,
-8317612175894762973,"Оптический кабель одномод. 9/125, небронированный, для прокладки канализации, блоках, трубах, 4 волокна",103,,,
8634492870203306448,Основание для предохранителя 1 х 10/25 А,40,,,
-7445543358548513110,"Отвод Ст.20 159x5,0(6,0)-90-1(250)-ППУ-ПЭ 1=1000 мм",51,,,
7928439590632664576,"Отвод стальной 45° Ду150 – Ø159х6,0 в тепловой изоляции типа 1 из пенополиуретана в полиэтиленовой трубе – оболочке, нестандартный, Lплеча 1 = 1 м, Lплеча 2 = 0,9 м(ГОСТ 8732)",175,,,
5318281578603750516,"Отвод стальной 90° Ду50 - Ø57x5,0 в тепловой изоляции типа 1 из пенополиуретана в полиэтиленовой трубе - оболочке",113,,,
8472092995587576015,Отвод SML 50х45 чугун,21,,,
3509472116112544970,ОG Зажим диагональный для заземляющих проводников,49,,,
190479107329026613,"ПВХ гидрошпонка для технологического шва ""плита-стена"" внутренняя ТехноНИКОЛЬ Фундамент ТПС-В-100-2 с двумя набухающими шнурами 2 х 6мм (в комплекте с крепежными скобами 3 шт. на 1 м. пог.)",189,,,
-5101832522380438403,ПВХ заглушка 110,16,,,
2530316977771652912,ПВХ крестовина двухплоскостная 110/110/50/90* левая,51,,,
3679901552434962422,"Перегородки сантехнические из ламинированного ДСП 16мм,каркас из алюминиевых профилей. Высота перегородок - 2,0 м от пола, установить на 0,2 м от уровня пола, с интегрированными дверьми. Размер полотна дверей: 700х1800 мм. Монтаж на объекте г.Калининград",254,,,
-1316777069188259271,"Переход К-1 -60,3x2,9-48,3x2,6 ст.20 ГОСТ 17378",47,,,
3341511302522196581,Переход П К-45х4-38х4 ст.20 ГОСТ 17378,38,,,
2480800301976810934,переходник PPSU для труб РЕ-Ха 25-20 * 25Ф,42,,,
4182083647019514546,Песок природный для строительных работ средний с крупностью зерен размером свыше 5 мм до 5% по массе,100,,,
6930732729136942808,Песок средний второго класса,28,,,
8744616432256537111,ПИ-концевой элемент ТВК  325/450 ППУ-ОЦ L=1600мм,48,,,
-2088955630642275043,ПИ-концевой элемент ТВК 133/225ППУ-ПЭ,37,,,
7039520075659235955,"Пласт, бокс навесной КМ Пн-24 IP65 ЭРА",38,,,
-9139058606240713279,"Пластина 74х30 П-образная, оцинк.",33,,,
-576892610327782538,Плита ПЗК 240x480,17,,,
-1739517618374366305,Плита теплотрасс ПТ300.150.14 (2990x1480x140) В20,49,,,
367507596539878625,Плитка Грес (Н200) серая 300Х300мм,34,,,
1639314099923752263,"Плитка тротуарная ""Пиллау"" (микрофаска) (Турмалин)",50,,,
5703817652046892979,"Плоский проводник из оцинкованной стали, 30x3.5 мм (допустимая погрешность веса бухты ±1 кг). Тип: 5052 DIN 30X3.5",114,,,
-7680763465828636629,"Плоский проводник из оцинкованной стали, 40x5мм. Цинковаое покрытие: 450 г/м2. Бухта 30м. Тип:5052 DIN 40x5 RUS",111,,,
-8101598169838290272,Поддон деревянный (Возвратная тара),35,,,
105568676896428317,"Подкос винтовой двухуровневый  (2,9 м)",38,,,
1623107310081318963,"Подложка из вспененного полиэтилена 10мм (26,25м2)",50,,,
-5751029763381758540,Подставка под привод №5 для АВК/КВК,35,,,
2186560398517272732,Полоса 40x4,11,,,
5092184047508882462,Полоса стальная оцинкованная 40x4 мм (*склад),45,,,
-1204944171991681780,Полотно для пола 50 м,21,,,
1579129594873081257,Полотно иглопробивное ГЕО СТАНДАРТ 200 г/м2 (2х100),51,,,
-1096761682692972,"Полотно техническое ХПП плотное 75см*50м OfficeClean, 180г/м2, серое, прошивка 2,5мм, 303019, Россия",100,,,
-6820119276580045136,ППР кран шаровый FIRAT 20 (7783020127),38,,,
-925475453598456087,Праймер битумный готовый 18 л,29,,,
-1024918538428951159,"Праймер битумный ТЕХНОНИКОЛЬ №01 , ведро 20л, шт",48,,,
-9002945696646388098,"Предохранительный клапан для бойлера СТМ ТЕРМО 1/2"", с курком, 6 Бар CRVP6B12. Срок поставки 3-4 недели",103,,,
1145030170293764825,Приставной элемент на опоре L1200xH750xS700,43,,,
-8432435181951517521,Пробка - заглушка 22,20,,,
433713236666215054,Пробка канализационная внутренняя в раструб 50,46,,,
-5978963663433256695,Пробка-заглушка 24-25 мм,24,,,
-7683457472226540321,Провод ПуГВ 16 ж/з,18,,,
-5335624282056996899,"Провод ПуГВнг(A)-LSLTx 1*4 ж-з,  ГОСТ_пр-во 20-25дн",51,,,
8962374115593849007,Проводник круглый оцинкованный 8мм (50кг/125м),46,,,
8843573082293243372,"Проводник круглый D8 (125м, рул.)",33,,,
2706663653994764841,"Проволока 1,2, отож.",20,,,
-4650855336955128567,Проволока ЕГОЗА АКЛ 450/40/3 (10 м.),36,,,
692186015324453764,Прокат круглый 10,17,,,
-8253215212457354561,Прокладка резиновая под фланец Д80,34,,,
7221876937388171944,Противоморозная добавка в бетон 10л BITUMAST,44,,,
-1950416127438409570,Профилированная мембрана Plastguard тип 500 (2x20м),51,,,
9168836296745339267,Профиль для крепления,21,,,
1928036405116730344,"Профиль стоечный Perfolux ПС50 т.0,6мм 50x50x3000мм",51,,,
936496763388529755,Профильная труба 100х100х4 ГОСТ 30245-2003,42,,,
8870199864487564933,Профнастил НС44 Оц. 0.7 мм,26,,,
1955623929420254719,"Профнастил С8 0,45х1150(1200)х2000, оцинкованный",48,,,
-8710881536695378391,Пруток сварочный ПНД (зеленый),30,,,
-5464177537822537153,Пруток стальной гор. оцинк. d8 (уп.110м) DKC NC1008,51,,,
-4805930788406158499,"Радиатор панельный Rommer Ventil RRS-2020-225120 тип 22 500 1200, нижнее правое подключение, цвет белый Rai 9016. Высота 500 мм, ширина 1200 мм, глубина 102 мм (Мощность при дельта Т50 = 1800 Вт, Т60 = 2251 Вт, Т70 = 2718 Вт)",225,,,
-8527473264135127100,"Рамка универсальная на 6 модулей, цвет белый",44,,,
-3122358095431206612,Ревизия канализационная внутренняя раструбная 110,49,,,
-7330777460793746317,Ревизия ПВХ 50мм внутренняя,27,,,
3002697566052546542,Редуктор (переход) чугунный фланцевый DN100х80,46,,,
2685960985563694274,Решетка однорядная регулируемая AXIDO RG (200x200),50,,,
6995232129093735837,Розетка панельная MAGNUM 2Р+РЕ 16А IP44 РП11-3 с защ. крышкой с заземл. син. IEK PSN71-016-3-2-44-K07,101,,,
1055815850098719335,"РПК(В)-Н/В-50-1.0-М-УХЛ1 Рукав пожарный напорный ""Классик"" в сборе с головками ГР-50 (20±1 м),""Русарсенал"" (РУСАРСЕНАЛ)",119,,,
-6669518420995005620,Рубеж ИП 101-29-PR-R3 с базовым основанием W1 .02 Извещатель пожарный тепловой максимально-дифференциальный адресно-аналоговый,126,,,
-3890276346897600904,"Рубеж ИПР 513-11ИКЗ-А-R3 - Извещатель пожарный ручной электроконтактный с встроенным изолятором короткого замыкания. Напряжение питания 24-36В Ток потребления - 0,5 мА, Размеры извещателя 88x86x45, масса - 150г",210,,,
5352647765420956194,"Рубеж ОПОП 1-8 ""Выход"" 12В - Информационное табло 12В Напряжение питания: при питании от сети переменного тока 12 В Токопотребление, не более 20 мА IP 41 Габаритные размеры 300 х 100 х 20 мм Масса не более 0, 25 кг",214,,,
-8118965881630217089,"Рубеж ОПОП 124-7 12В (корпус бело/красный) - Оповещатель светозвуковой, напряжение питания 9-27 В,ток потребления: свет 10мА, звук 30мА, уровень звукового давления не менее 100 дБ,диапазон частот звукового сигнала 2000-4000 Гц, сигнал модулированный Диапазон рабочих температур -25/+55 °С Два варианта цвета корпуса: красно-белый и красный по желанию заказчика",360,,,
-1073364762044018671,"Рукав пожарный напорный ""Классик"" с внутренним гидроизоляционным покрытиемиз полимеров без наружного защитного покрытия для внутренних и наружнихпожарных кранов маслостойкий морозостойкийРПК(В)-Н/В-50-1.0-М-УХЛ1(20+/-1м) с ГР-50АП (Алюминий-Пластик)",249,,,
-6980126658663200684,Саморегулирующийся нагревательный кабель SRL16-2CR,50,,,
-3730111533141877747,"Саморез для сэндвич панелей 5,5/6,3х135 цинк Польша",51,,,
-7764325514224517159,"Саморез кровельный 5,5*32, ZN",29,,,
-9244642614314537,Сваи С120.30-9 В25 F100 W6 с/з ЗАКАЗ,36,,,
-3711793582586569395,Свая С120.30-8,14,,,
-4835429456741048636,Светильник светодиодный  СП-АХП13-6,35,,,
-8529816006494208801,Светильник светодиодный  СП-АХП19-П-12 (3000К),46,,,
-5736678885547475055,"Светильник светодиодный Master 20 LED IP20 для школьных досокМощность, Вт: 18 Способ монтажа: На поверхность Напряжение, В: 220  Степень защиты: IP20 Дополнительная информация: Монтаж на несущую поверхность на Г- образных кронштейнах.",234,,,
-4460662358120177943,"Светильник светодиодный, встраиваемый в грунт, 220В, 12Вт, 3000К, оптика NB (10 град.), IP67.140x1 50 мм, управление - on/off, цвет корпуса - стальной Ls1 СП-Д-Грунтх12х3000К 220В",179,,,
6064691243237896909,"Светильник светодиодный, встраиваемый в грунт, 220В, 12Вт, 4000К TRL AHILL 12_4K_N 15гр (Фланец: 160 Световая часть:145, высота 90мм)",133,,,
8247620501292200884,"Светильник светодиодный, линейный гибкий (горизонтальный 12x20х1000 мм, цвет корпуса - белый/матовый. IP67 изгиб), 24В, 10Вт/м (10Вт), 3000К, оптика 120 град., IP67, 12x20х1000 мм, цвет корпуса - белый/матовый. IP67 Ls4.2 LACE-HC-S-W30-S1- 100-IP67 Интилед, Россия",264,,,
-7570292080233113165,"Светильник светодиодный, линейный, 24В, 12Вт, 4000К, оптика 120x145 град., IP66, 50x60x500мм, управление - on/off, цвет корпуса - серый 500x1 2х4000Кх120 24В Олалмл",164,,,
-3467822056429337566,"Светодиодный светильник """"ВАРТОН BASIC"""" СТРОНГ промышленный класс защиты IP65 1242*90*68 мм 30 ВТ4000К с матовым рассеивателем",127,,,
-4066092955469218421,Светодиодный светильник VARTON Стронг 2.0 промышленный 52 Вт 4000 К 1242x90x68 мм класс защиты IP65 матовый рассеиватель аварийный автономный постоянного действия,162,,,
-1877077120475927577,Светодиодный светильник VARTON Стронг 2.0 промышленный класс защиты IP65 1242х90х68 мм 30 ВТ 4000 K прозрачный рассеиватель аварийный автономный постоянного действия,165,,,
4328007348898020802,Светодиодный светильник VARTON C070/GL медицинский встраиваемый 595x595x55 мм с защитным силикатным стеклом 35 ВТ 4000 К класс защиты IP54,138,,,
-4156068814549368161,Светодиодный светильник VARTON C070/UGL медицинский встраиваемый/на клад ной 595x595x68 мм с защитным силикатным стеклом 27 ВТ 4000 К класс защиты IP54,151,,,
-8142506204962494921,Светодиодный светильник VARTON Deleo накладной 40 Вт 4000 K 400x80 мм с рассеивателем опал RAL9003 белый матовый,112,,,
-3719665970552614731,Светодиодный светильник VARTON DL-01 круглый встраиваемый 190x70 мм 25 Вт 4000 K IP54/20 RAL9010 белый матовый аварийный автономный постоянного действия,152,,,
6884203209236024559,"Сетка базальтовая СБНПс ""НЕОГРИД"" Стандарт 1-50 M, ячейка 25 ммх25 мм, Разрывная нагрузка 50кНх50кН, в рулоне 50 м2",115,,,
1961117239538098349,Сетка СБН-С 25х25 1х50,22,,,
-7617983956843008226,"Сетка сварная оц. 3,7 мм в картах 2000*3000*110*110",51,,,
-3173983635417403531,"Сильфонное компенсационное устройство Ø273х7,0 в тепловой изоляции типа 1 из пенополиуретана в полиэтиленовой трубе – оболочке с СОДК и осевым ходом 180 мм, Ру 2,5 Мпа",167,,,
8127021756511045402,СИНИКОН Тройник внутренний d=110х110мм 45 гр.,45,,,
-8656216089452929826,"Система теплоиз-ия универ-ая СТУ-Ф-159, Н=70мм",46,,,
-8364933636801657155,Сифон для душевого поддона д.90 ( XS-2010),42,,,
-2352641293002023360,"Скамейка """"Рубин"""" угловой элемент - серый гладкий",50,,,
-1791897143207889151,"Скользящая опора для труб ОНК тип РА/РЕ шаг 2,0 м",49,,,
7023683575991765335,"СКУ-1 б/ш 159*5,0/250 (150+_75) Ру 25 ППУ ПЭ СОДК ГОСТ 30732-2020. Срок поставки:25 рабочих дней. произв. + 5 недель доставка",125,,,
-4527072897968480442,Смеситель для умывальника одноручный ЭКО ЦС-СМ 27/Зг М-42 Центр Сантехники (Подольск) ЭП400703.ГП50. Срок поставки 2-3 недели,125,,,
338301876505049524,Смесь сухая Скрепа М500 ремонтная (мешок 25 кг),47,,,
-5306583181121046735,Смола эпоксидная R-KEX-II-600,29,,,
3149308468425358717,"Соединение разборное ППР 20 х 1/2"" РВ америк. серый",51,,,
-9200606422389586897,"Соединитель Vario для быстрого монтажа круглых проводников диаметром 8-10 мм, оцинкованный. Тип: 249 8-10 ST",108,,,
-8980828138888486698,"Соединительный кабель, 2-х жильный, для подключения светильника 24В с коннектором """"мама / папа"""", дл. 2000 мм, в комплекте - 10 шт. ZXP399 Jump 2P DC cable 2m (10 pcs)",168,,,
2808806476349760841,Стальная опора ОККс 8 метров c кронштейном горяч. Цинк. Покраска в любой цвет по RAL на 1 прожектор БСК,103,,,
-6194972598405081967,"Стальной шаровый кран Ду15, PN40 КШТ 61.112.015.А40",51,,,
5350651335671754474,Стержень сталь 20мм,19,,,
6752664879319359466,"Строительно-монтажная клемма СМК 222-415 с рычагом 5 отверстий 0,08-2,5мм2 (100шт.) / частично на складе, частично доставка 3-5 недель",134,,,
-3685784827919357821,"Счетчик холодной воды многоструйный Пульсар М Ду25; Qn=3,5м3/час; исп. IP68; L=260; импульсный выход - индуктивный съём данных",126,,,
4230584483883951151,"Сэндвич-панель трехслойная Металл-Гарант СПСМ Z-Lock 1000x120 0,5 РЕ 7R 6R-1000 RAL 1015/0,5 РЕ 7R 6R-1000 RAL 9003",115,,,
-1883380037406945179,Сэндвич-панель PAMET СМ 120 RAL 1015/9003,41,,,
2514739800260125300,Тарельчатый дюбель Normoclip NF 1РН 8/60-180,44,,,
5134524284946138316,"Температура эксплуатации: от 0 до +50 °С; Мощность аварийного блока питания: 2,5  Вт; Световой поток в аварийном режиме: 350  лм; Время работы в аварийном режиме: 1,5  ч; Емкость аккумуляторной батареи: 2 200  мАч; Напряжение аккумуляторной батареи: 3,7  В; Время полной зарядки батареи: 24  ч;",294,,,
-4819786563834613996,Тепловая пушка Master В 150 CED,31,,,
-2760858698572848882,"Теплоизоляционные блоки из пеностекла ""Изостек"" 600*500*130 мм, кэшированные битумом с одной стороны (ТУ 23.99.19-001 -10196323-2017)",133,,,
1365396130160243973,"Терминал коммутационный проходной для 4-х двухтрубных систем ОД К ТК-14. Класс защиты IP67. Срок поставки 25 рабочих дней, произв. + 5 недель доставка",150,,,
1870310352201408260,Техноэласт ЭПП полиэстер 10м2/рул,33,,,
-1726415662829618845,"Тип: WITAL 70 мм, цвет: БелыйИмпоста вертикальные: 21.Остекление: Двухкамерный энергосб. ст/пак2.Тип фурнитуры: Поворотно-откидная WINKHAUS AP, Цвет фурнит.: Белые накладки  3.Остекление: Двухкамерный энергосб. ст/пак",217,,,
-6133676178058216867,"Трап нерегулируемый с """"сухим"""" затвором Дн 110 с нержавеющей решёткой 150x150мм вертикальный выпуск АНИ ПластТО1212",116,,,
-8101845422026276963,"Тройник комб. PPR 20x1/2"" с наружи, резьбой ProAqua",51,,,
5017960106841056162,Тройник PP-R переходной белый Дн 25x20x25 внутренняя пайка VALFEX 10252025 1 2 Тройник PP-R переходн. Срок поставки 2-3 недели,126,,,
-290808855054190711,Тройник SML 50х50 45гр,22,,,
-3025227755408144157,"Тротуарная плитка ""Волна"" №8 серая",34,,,
6995746592314018924,Труба в/г 32x3.2,16,,,
-9044100159686430089,Труба гибкая гофрированная не содержит галогенов; диаметр 25 мм; ПВ-0; 50м; цвет белый; с протяжкой.,100,,,
6502233425751828194,Труба гофрированная двустенная ПНД гибкая d50мм с протяжкой с муфтой для кабельной канализации  SN13 420Н красн. (уп.100м) DKC  121950,134,,,
1326151097070069430,Труба гофрированная двустенная ПНД жесткая d110мм с муфтой для кабельной канализации SN12 1030Н красн. (уп.6м) DKC 160911,121,,,
4594020027702977312,"Труба гофрированная ПВХ легкая, 20 мм (100 м/уп), не распространяющая горение, с протяжкой. В составе ОКЛ ""ПРО-Лайн""",116,,,
-2098399184084499863,Труба гофрированная ПНД лёгкая 350 Н безгалогенная (HF) стойкая к ультрафиолету черная с/з д16 (100м/5500м уп/пал) Промрукав (арт. 161556) (Промрукав),150,,,
-1030964977481638902,"Труба д. 50 L=2000 мм СИНИКОН повышенная стойкость к воздействию большинства химических веществ; верхний предел допустимых рабочих температур (80""С) Стандарт осуществляется по ГОСТ 32414-2013. Гарантия 20 лет!",209,,,
-7970752156136491317,"Труба защитная кабельная 160х9,5 N1250 F3 (3 слойная отрезки по 12 м) ГОСТ Р МЭК 61386.24-2014 по типу ЭЛЕКТРОПАЙП-ПРО",118,,,
1184988515739694468,"Труба профильная электросварная прямоугольная 180x100x8, длина 4 штх6 м (24 м). Срок поставки 4-6 недель",104,,,
-5483714718574984610,"Труба сталь эл/св. 219x7,0 с наружной изоляцией ВУС",51,,,
-3884399919735772198,"Труба стальная Ду300 – Ø325х7,0 в тепловой изоляции типа 1 из пенополиуретана в оцинкованной трубе – оболочке с металлической заглушкой изоляции с торцевым кабелем вывода проводников системы СОДК(ГОСТ 8732)",206,,,
-5280417154631609211,Труба чугун ВЧШГ Тайтон Ду 100 L=6м раструбная с ЦПП с наружным лаковым покрытием Свободный Сокол . Срок поставки : 10-12 рабочих дней,134,,,
-3641714946196951308,"Труба HFFR гофрир.легкая,с зондом,без галогена, ПЛЛ диам.16мм ПВ-0 (100м.) цвет белый 1 палл.=38уп.=3800м Экопласт",114,,,
7302370024566521038,Труба(асбестцемент) ф150 мм (L-3.95) БНТ ГОСТ,45,,,
5498707827916136006,Трубка термоусаживаемая ТТУ нг-LS 10/5 синяя 1м ИЭК,51,,,
-6030809963094153750,"Трубопровод стальной бесшовный горячедеформированный ф159х6,0 в ВУС-2 изоляции н/д (ориентир на 12 м ). Срок поставки 10 дней изгот.+3-6 недель",143,,,
-6819198870835514202,"Трубопровод стальной электросварной ∅530x7,0 (6 м)",50,,,
2367751425216229161,"Трубы ВГП оцинкованные 50х3 ДУ, длина 7,8 м, DN 50",50,,,
-1436898961460268650,Трубы профильные 80x60x4,24,,,
2871203656922184599,Угловая рейка ПВХ планка (без флажка) 20*30*20,46,,,
-6490328854230360587,"УГЛОВАЯ ШЛИФОВАЛЬНАЯ МАШИНА (УШМ,БОЛГАРКА) ПО БЕТОНУ С СИСТЕМОЙ ПЫЛЕУДАЛЕНИЯ MILWAUKEE AGV 15-125 ХС",100,,,
2198225919225700523,"Угловой элемент 3,0м",20,,,
7073909356776352446,"Угол внешний 3,3 м",18,,,
6852476411960018757,"Угол распалубочный 0,9м 12 проф. новый",38,,,
8699113249653731344,"Уголок монтажный вентиляционный УМВ 20 95x27x2,0 ОЦ",51,,,
5578607007652148789,Уголок равнополочный 70x5,25,,,
4376470855076786471,Уголок штукатурный с металлической сеткой 30х30 мм 3 м. Срок поставки 5-10 раб. дней комплектация + 5-7 недель доставка,119,,,
5529309781973364739,Унив. пробка для анкерных отверстий R20/25,42,,,
-4997084140327113628,"Унивилка резьбовая 0,75м (не оцинкованная)",42,,,
6312217179102972866,"Унитаз-компакт Комфорт кноп/ниж.подвод,косой выпуск",51,,,
6993831228353297094,Уплотнитель антенн и труб ТЕХНОНИКОЛЬ 50-60 мм,46,,,
7605046643854912632,Усиленный анкер с болтом М6,27,,,
3329440229108149351,Фанера ФК нешлифованная 4/4 18х1525х1525мм (Береза),51,,,
-3238357181752989122,Фанера ФСФ 10 мм 1220x2440,26,,,
-6561016799655294474,Фиксар АНК 8x95/35 Ц клиновой анкер (500шт.),44,,,
8089409593150339365,"Фиксатор ""Звездочка"" 30",23,,,
-7150210773941293164,"Фиксатор ""Кубик"" 20/25/30/35 mm (250 шт)",40,,,
5400601445879132402,Фильтр чугунный магнитный сетчатый фланцевый Ду 40,50,,,
-71219588448705901,Фланец 32-16-01 -1-B-CT.20-IV ГОСТ 33259-15,43,,,
8891913659652667131,Фланец сталь плоский Ду 50 Ру 16 ТУ РФ,38,,,
-4578044701340458586,Химический анкер ПАРТНЕР BCR 470 EPOXY 21,41,,,
-5335237469400405228,"Хомут крепежный оцинкованный с резиновой прокладкой Ду-50 (Дн 60-64) (2"""") М8/М10 б/к Strongman. Срок поставки 25 рабочих дней. произв. + 5 недель доставка",155,,,
-5329544630064747265,"Хомут мет. 3/4"" (26-28)",23,,,
5299307576128350322,Хомут ст.с рез.пр.Двн48-52(1 1/2)М8+шпилька/дюбель,50,,,
8514866954355705195,"Хомут-стяжка 7,6*400, белый",27,,,
-7711844012603461315,"Цемент 25 кг М-500 (ЦЕМ I - 42,5 Н) БЦК",39,,,
-1349805913953606074,Цементный раствор М150,22,,,
-6057506404934224589,Шайба М8,8,,,
-2091856004912557671,Шайба плоская усиленная М10 DIN9021 SH10KM L00803,49,,,
-6877586148416777716,Швеллер 12П,11,,,
-953940670082387773,Швеллер 20П ГОСТ 8240-97 С345-4 ГОСТ 27772-88,45,,,
1485559159233001811,Шина медная ШМТ 10х60 (кратно 3м),33,,,
-8439380049931606284,Шина медная ШМТ М1 10x60 (4м),29,,,
-5300383449139282958,"Шланг к ОП М 16х1,5 (мет. резьба)",33,,,
-8929527780673494054,Шпаклевка гипсовая Ilmax 6410 старт+финиш (15кг),48,,,
-7684454197956784646,Шпатлевка полимерная Archin 3,29,,,
4943886568093355977,Шпилька М8х1000 (DIN975) оцинкованная (поштучно),48,,,
6889525337227075061,Шпилька резьбовая 10х2000мм,27,,,
5721911376242246322,Шпилька резьбовая усиленная М10*2000,36,,,
6973706039943021759,Штукатурная смесь Baumit MPI 25 40 кг (РОСС RU Д-RU.AE83.B.00013/18 от 27.12.2018 действует до 27.12.2023),106,,,
-5518064533777235860,"Шурупы универсальные (белый цинк) (РМЗ) 4,0 x 50",48,,,
316531891402930461,Щебень М 800 фр 40-70,21,,,
1153420693842822665,Щетка -скребок с резинкой 55 см SERFA пластик,45,,,
-3373265983124712293,"Щит 0,25x0,90 линейный",22,,,
5379837468787914178,Щит пожарный открытый металлический (без комплекта),51,,,
673787490570597754,"Щит универсальный 0,9х0,9 м сталь",33,,,
7823656516399281217,Щит ЩМП-00 (IP54) 290x220x155,29,,,
-5074252721403150838,"Экскаватор колесный полноповоротный Komatsu PW-130 ES Вес 14 тонн, ковш 0,5 куб. Глубина копания 5,4 м + планировочный",118,,,
-6881171706318151257,"Элемент НО б/ш 133*5,0/225 ППУ ПЭ СОДК L=1500 ГОСТ 30732-2020. Срок поставки:25 рабочих дней. произв. + 5 недель доставка",121,,,
-1108865036395534432,Эмаль красная ПФ-115 (по 20 кг) МОККЕ РАСПРОДАЖА,48,,,
-5282774420609678913,Эмаль ПФ - 115 белая,20,,,
7786489511827022800,Эмаль ПФ - 115 золото коричневая,32,,,
1173741341196910597,Ящик наруж. SD6-6 (6 модулей) SASSIN IP30,41,,,
-9101221396280159129,"BioConcept58, цвет: Белый Импоста вертикальные: 2 x Bio583/11.Остекление: Однокамерный энергосб. ст/пак2.Тип фурнитуры: Поворотно-откидная WINKHAUS AP, Цвет фурнит.: Белые накладки",180,,,
7059502007892035544,BVR-CR Кран шаровой спускной РИДАН с наружной резьбой и насадкой под шланг PN10 DN15T от-20С...+90С; материал корпуса латунь CW602N 065B8300R,141,,,
-613366067343181950,BVR-DR Кран шаровой РИДАН PN40 DN50 с внутренней резьбой и спускным элементом; Т от -20С ...+110С; материал корпуса латунь CW602N 065B8321R,139,,,
2642518236028648702,BVR-R Кран шаровой РИДАН PN40 DN40 с внутренней резьбой; Т от -20С ...+120С; материал корпуса латунь CW602N,107,,,
-7363695556243265307,DIN-рейка 35х7.5мм L300 DKC 02140-RET3,38,,,
7090938793401099558,"DIN-рейка перфорированная (40 м/уп) DKC (02140) - DIN-рейка перфорированная, оцинкованая, размеры (ШxВxТ) 35x7,5x1 мм, тип OMEGA, посадочный размер 25 мм. длина 2м",163,,,
4702152038792731291,"DKC / ДКС FSB11404 Коробка ответвительная FS с кабельными вводами и клеммниками, номинально 100x100x50мм, 6 вводов, max ф25мм, 4р, 450V, 6А, 4мм.кв, термопласт, IP55, RAL 2003",175,,,
7177567313847581699,Fachmann Муфта переходная с ПВХ/ПП на чугун/сталь D110/100 с манжетой для внутренней канализации 01.076,103,,,
7840597160549643734,"FSB11404, Коробка пластиковая FS с кабельными вводами и клеммниками, IP55,100х100х50мм, 4р, 450V,6A, 4мм.кв (DKC)",113,,,
8831596693963548919,"GERFLOR TARALAY IMPRESSION COMPACT 0767 Natural ( гетерогенное напольное виниловое покрытие защитный  износостойкий слой  толщиной 0,9 мм.  43 класс)",149,,,
8372486060447619092,"HiWatch, DS-I400(С) (2.8 mm); Уличная цилиндрическая IP-камера с EXIR-подсветкой до 30м, 4Мп 1/3'' Progressive Scan CMOS матрица; 20 к/с @ 2560×1440, 25 к/с (2304×1296, 1920×1080, 1280×720); объектив 2.8мм; угол обзора 98°; H.265/H.265+/H.264/H.264+ /MJPEG, механический ИК-фильтр; 0.01Лк@F2.0; WDR 120дБ; ROI; 3D DNR; BLC; Smart ИК; видеобитрейт 32кбит/с-8Мбит/с; IP67; -40°C до +60°C; DC12В±25%/PoE(IEEE 802.3af); 6.5Вт макс.",427,,,
-1311893418358945820,"HiWatch, DS-I400(С) (2.8); Видеокамера* IP уличная 4Мп цилиндрическая с EXIR-подсветкой до 30м, 1/3'' Progressive Scan CMOS матрица; 20 к/с @ 2560×1440, 25 к/с (2304×1296, 1920×1080, 1280×720); объектив 2.8мм; угол обзора 98°; H.265/H.265+/H.264/H.264+ /MJPEG, механический ИК-фильтр; 0.01Лк@F2.0; WDR 120дБ; ROI; 3D DNR; BLC; Smart ИК; видеобитрейт 32кбит/с-8Мбит/с; IP67; -40°C до +60°C; DC12В±25%/PoE(IEEE 802.3af); 6.5Вт макс.",430,,,
8086740204806729926,"HL З100Рг Трап с решеткой Клик-Клак, с ""сухим"" сифоном, с верт.выпуском, со снимаемым надставным элементом 8 - 80 мм, DN 50/75/110",130,,,
-4494011446290437590,"Hyperline FO-ST-OUT-9S-4-PE-BK, кабель волоконно-оптический 9/125 (SMF-28 Ultra) одномодовый, 4 волокна, армированный стекловолокном, волокна в оптичес (Hyperline)",163,,,
8147570138655579880,"Hyperline UUTP4-C5E-S24-IN-LSZH-GY-305 (305 м) Кабель витая пара, неэкранированная U/UTP, категория 5e, 4 пары (24 AWG), одножильный(solid), LSZH, нг(А)-HF, -20°C – +75°C, серый - гарантия: 15 лет компонентная, 25 лет системная",227,,,
1153913600888829619,"Isparus 430 (серый) Гидравлический дверной доводчик, усилие EN3-5, для дверей от 50 до 110кг, от -40 °С до +60 °С",113,,,
986778012485080310,"MasterEmaco S 488 (мешок 25 кг). Безусадочная быстротвердеющая сухая бетонная смесь тиксотропного типа, содержащая полимерную фибру.",132,,,
8635223687333634976,"NetLan, EC-UU004-5E-LSZH-OR; Кабель медный U/UTP, cat 5е, для внутренней прокладки, оболочка не содержащий галогенов LSZH-компаунд, оранжевого цвета, толщина оболочки 0,5 ± 0,02мм, внешний диаметр 4,9 ± 0,2мм, диапазон рабочих температур -20 ...+60°С, температура монтажа не ниже 0°С",283,,,
-6979232069851572045,"NIKOMAX NMF-RP16SCUS2-WS-ES-1U-GY - Оптический кросс NIKOMAX 19"", 1U, укомплектованный на 16 портов SC/UPC(16 одинарных SC/UPC адаптеров), SM 9/125 OS2, стальной, серый, в комплекте: адаптеры, монтажные шнуры 1м, сплайс-кассета с крышкой, гильзы, заглушки",255,,,
-6154519284810680953,"NKL 4200A-GY Кабель NIKOLAN F/UTP 4 пары, Кат.5е (Класс D), тест по ISO/IEC, 100МГц, одножильный, ВС (чистая медь), 24AWG (0,50мм), внутренний, PVC нг(А), серый, 305м",166,,,
-6702201056379451914,"OBO Bettermann Соединитель vario для быстрого монтажа круглых проводников диаметром 8-10 мм, оцинкованный. Тип: 249 8-10 ST",123,,,
7512039677412924822,"SMB120 Коробка металлическая, огн. E-110,о/п 120х120х60, 4 метал. гермоввода, IP66, 5P, (2,5-16 мм2), цвет оранж",112,,,
-5518187448521596011,"SVS-1 011-000015 STOUT Воздухоотводчик автоматический вертикальный выпуск, нар.р. 1/2"""" никель., уплотнительное кольцо - NBR",124,,,
-2816785950290439498,U-образная профильная рейка 50x30x300 мм толщина металла 1.5 мм,63,,,
